gamma,stan_warmup,stan_sample,stan_eval,stan_ESS,stan_correct,stan_long_warmup,stan_long_sample,stan_long_eval,stan_long_ESS,stan_long_correct,naive_eval,naive_ESS,naive_correct,naive_long_eval,naive_long_ESS,naive_long_correct,PT_eval,PT_ESS,PT_correct
1,0.058471,0.065563,1.23874592781067,669.37840153226,TRUE,0.563887,0.533558,2.55122709274292,7750.18764242348,TRUE,0.498914003372192,1197.2607166837,TRUE,1.2898428440094,12695.3635551679,TRUE,1.69647097587585,7722.10917229665,TRUE
6.2,0.045945,0.055902,0.786528825759888,16.7863919308909,TRUE,0.530924,0.492359,2.12988114356995,65.9218227337985,TRUE,0.323081016540527,672.059715690946,TRUE,1.19552993774414,6383.83968137997,TRUE,1.46162509918213,4762.79967490876,TRUE
7,0.047021,0.055039,0.816738843917847,7.08036494138508,TRUE,0.514349,0.559998,2.07320499420166,34.7752717680778,TRUE,0.283648014068604,420.938740577084,TRUE,1.16779899597168,4400.10078101873,TRUE,1.44743299484253,4925.47277699545,TRUE
20,0.048117,0.049083,0.824387073516846,3478.1533298045,FALSE,0.49508,0.47037,2.00210690498352,31524.6952179413,FALSE,0.334828853607178,4.74309649648022,TRUE,1.18513989448547,24.0167517038465,TRUE,1.33685803413391,1795.04542874928,TRUE
